{
    "root_group": {
        "name": "",
        "path": "",
        "id": "d41d8cd98f00b204e9800998ecf8427e",
        "groups": {},
        "checks": {
                "status was 200": {
                    "id": "1461660757a913d4fb82ac4c5e1009de",
                    "passes": 841,
                    "fails": 648,
                    "name": "status was 200",
                    "path": "::status was 200"
                }
            }
    },
    "metrics": {
        "http_req_blocked": {
            "med": 0,
            "max": 8.8173,
            "p(90)": 0.53542,
            "p(95)": 0.56412,
            "avg": 0.10655171255876415,
            "min": 0
        },
        "http_req_waiting": {
            "p(95)": 33.39019999999999,
            "avg": 6.340888112827419,
            "min": 0,
            "med": 3.631,
            "max": 854.7679,
            "p(90)": 8.567300000000007
        },
        "http_reqs": {
            "count": 1489,
            "rate": 37.689352992673584
        },
        "http_req_failed": {
            "passes": 648,
            "fails": 841,
            "value": 0.43519140362659503
        },
        "data_received": {
            "count": 150539,
            "rate": 3810.421430600463
        },
        "http_req_connecting": {
            "med": 0,
            "max": 7.3073,
            "p(90)": 0.53224,
            "p(95)": 0.5604799999999999,
            "avg": 0.0941072531900604,
            "min": 0
        },
        "http_req_duration": {
            "med": 3.6498,
            "max": 855.77,
            "p(90)": 8.79772,
            "p(95)": 33.952959999999976,
            "avg": 6.388995164539983,
            "min": 0
        },
        "http_req_tls_handshaking": {
            "avg": 0,
            "min": 0,
            "med": 0,
            "max": 0,
            "p(90)": 0,
            "p(95)": 0
        },
        "vus_max": {
            "value": 1000,
            "min": 1000,
            "max": 1000
        },
        "iteration_duration": {
            "avg": 10476.304092257215,
            "min": 10002.9188,
            "med": 10017.47105,
            "max": 12077.4288,
            "p(90)": 12061.01774,
            "p(95)": 12063.221015
        },
        "checks": {
            "passes": 841,
            "fails": 648,
            "value": 0.564808596373405
        },
        "iterations": {
            "count": 762,
            "rate": 19.28763396938702
        },
        "http_req_duration{expected_response:true}": {
            "p(95)": 47.2811,
            "avg": 11.31178810939362,
            "min": 2.5943,
            "med": 4.3744,
            "max": 855.77,
            "p(90)": 32.489
        },
        "http_req_sending": {
            "p(90)": 0,
            "p(95)": 0,
            "avg": 0.014074949630624582,
            "min": 0,
            "med": 0,
            "max": 1.9969
        },
        "http_req_receiving": {
            "avg": 0.03403210208193417,
            "min": 0,
            "med": 0,
            "max": 1.2289,
            "p(90)": 0,
            "p(95)": 0.5069
        },
        "vus": {
            "value": 953,
            "min": 9,
            "max": 953
        },
        "data_sent": {
            "count": 96030,
            "rate": 2430.697493543616
        }
    }
}