{
    "metrics": {
        "http_req_connecting": {
            "avg": 0.0443090510948905,
            "min": 0,
            "med": 0,
            "max": 11.6384,
            "p(90)": 0,
            "p(95)": 0.516605
        },
        "http_req_receiving": {
            "avg": 0.046612846715328476,
            "min": 0,
            "med": 0,
            "max": 16.5152,
            "p(90)": 0,
            "p(95)": 0.5085149999999998
        },
        "http_req_sending": {
            "avg": 0.013801788321167883,
            "min": 0,
            "med": 0,
            "max": 1.9976,
            "p(90)": 0,
            "p(95)": 0
        },
        "data_received": {
            "count": 294276,
            "rate": 4203.383182676917
        },
        "iterations": {
            "count": 2740,
            "rate": 39.13764602120035
        },
        "http_reqs": {
            "count": 2740,
            "rate": 39.13764602120035
        },
        "data_sent": {
            "count": 175527,
            "rate": 2507.1947420303773
        },
        "http_req_failed": {
            "passes": 1096,
            "fails": 1644,
            "value": 0.4
        },
        "vus": {
            "value": 129,
            "min": 9,
            "max": 993
        },
        "vus_max": {
            "min": 1000,
            "max": 1000,
            "value": 1000
        },
        "checks": {
            "fails": 1096,
            "passes": 1644,
            "value": 0.6
        },
        "http_req_waiting": {
            "avg": 5.14866806569343,
            "min": 0,
            "med": 3.6254999999999997,
            "max": 91.599,
            "p(90)": 7.3677,
            "p(95)": 31.621254999999987
        },
        "http_req_tls_handshaking": {
            "avg": 0,
            "min": 0,
            "med": 0,
            "max": 0,
            "p(90)": 0,
            "p(95)": 0
        },
        "http_req_duration{expected_response:true}": {
            "p(95)": 35.40384499999998,
            "avg": 8.68180450121655,
            "min": 2.5164,
            "med": 4.3256499999999996,
            "max": 91.599,
            "p(90)": 24.316030000000026
        },
        "http_req_blocked": {
            "avg": 0.05509204379562044,
            "min": 0,
            "med": 0,
            "max": 11.6384,
            "p(90)": 0,
            "p(95)": 0.5293049999999999
        },
        "iteration_duration": {
            "avg": 5831.85932773723,
            "min": 5003.0988,
            "med": 5019.2191,
            "max": 7088.555,
            "p(90)": 7058.62417,
            "p(95)": 7063.575285000001
        },
        "http_req_duration": {
            "p(90)": 7.6603,
            "p(95)": 31.744439999999997,
            "avg": 5.2090827007299305,
            "min": 0,
            "med": 3.6622000000000003,
            "max": 91.599
        }
    },
    "root_group": {
        "name": "",
        "path": "",
        "id": "d41d8cd98f00b204e9800998ecf8427e",
        "groups": {},
        "checks": {
                "status was 200": {
                    "name": "status was 200",
                    "path": "::status was 200",
                    "id": "1461660757a913d4fb82ac4c5e1009de",
                    "passes": 1644,
                    "fails": 1096
                }
            }
    }
}