{
    "metrics": {
        "http_reqs": {
            "count": 3191,
            "rate": 153.78759199971597
        },
        "http_req_waiting": {
            "max": 510.9258,
            "p(90)": 17.4107,
            "p(95)": 22.4852,
            "avg": 7.5771291758069985,
            "min": 0,
            "med": 3.3483
        },
        "data_sent": {
            "count": 313137,
            "rate": 15091.377372615187
        },
        "vus_max": {
            "value": 10000,
            "min": 6799,
            "max": 10000
        },
        "vus": {
            "value": 624,
            "min": 0,
            "max": 624
        },
        "data_received": {
            "count": 600732,
            "rate": 28951.77929087226
        },
        "http_req_tls_handshaking": {
            "avg": 0,
            "min": 0,
            "med": 0,
            "max": 0,
            "p(90)": 0,
            "p(95)": 0
        },
        "http_req_connecting": {
            "med": 0,
            "max": 2.4746,
            "p(90)": 0,
            "p(95)": 0.5183,
            "avg": 0.03636524600438734,
            "min": 0
        },
        "http_req_sending": {
            "p(90)": 0,
            "p(95)": 0,
            "avg": 0.013303917267314325,
            "min": 0,
            "med": 0,
            "max": 1.0265
        },
        "http_req_failed": {
            "passes": 157,
            "fails": 3034,
            "value": 0.04920087746787841
        },
        "http_req_blocked": {
            "med": 0,
            "max": 2.9073,
            "p(90)": 0,
            "p(95)": 0.5297000000000001,
            "avg": 0.04305368223127548,
            "min": 0
        },
        "checks": {
            "passes": 3034,
            "fails": 157,
            "value": 0.9507991225321216
        },
        "http_req_duration": {
            "min": 0,
            "med": 3.4207,
            "max": 510.9258,
            "p(90)": 17.5951,
            "p(95)": 23.69715,
            "avg": 7.787417988091547
        },
        "iterations": {
            "count": 2889,
            "rate": 139.23295308278892
        },
        "http_req_duration{expected_response:true}": {
            "min": 1.5146,
            "med": 3.4903,
            "max": 510.9258,
            "p(90)": 17.7111,
            "p(95)": 26.7982,
            "avg": 8.190392485168136
        },
        "http_req_receiving": {
            "p(90)": 0.5076,
            "p(95)": 0.5306500000000001,
            "avg": 0.19698489501723584,
            "min": 0,
            "med": 0,
            "max": 66.0426
        },
        "iteration_duration": {
            "avg": 1089.8968097265488,
            "min": 1002.3848,
            "med": 1012.0617,
            "max": 3074.4969,
            "p(90)": 1029.5941,
            "p(95)": 1054.73296
        }
    },
    "root_group": {
        "name": "",
        "path": "",
        "id": "d41d8cd98f00b204e9800998ecf8427e",
        "groups": {},
        "checks": {
                "status was 200": {
                    "name": "status was 200",
                    "path": "::status was 200",
                    "id": "1461660757a913d4fb82ac4c5e1009de",
                    "passes": 3034,
                    "fails": 157
                }
            }
    }
}